"TUDOR e-Stock","TUDOR e-Stock"
"Monthly report","Informe mensual"
"Programme data","Datos del programa"
"TUDOR e-Stock: monthly report and programme data","TUDOR e-Stock: informe mensual y datos del programa"
"TUDOR monthly report","Informe mensual TUDOR"
"TUDOR monthly report: %1","Informe mensual TUDOR: %1"
"TUDOR programme data","Datos del programa TUDOR"
"Sessions (visits)*","Sesiones (visitas)*"
"Visits to the shop referred by tudorwatch.com. GA4: sessions with utm_source = tudorwatch.com.","Visitas a la tienda online que llegan desde tudorwatch.com. En GA4: sesiones con utm_source = tudorwatch.com."
"Unique visitors*","Visitantes únicos*"
"Different people referred by tudorwatch.com. GA4: users with utm_source = tudorwatch.com.","Personas distintas que llegan desde tudorwatch.com. En GA4: usuarios con utm_source = tudorwatch.com."
"Added to cart","Añadidos a la cesta"
"People who added a TUDOR watch to the cart.","Personas que han añadido un reloj TUDOR a la cesta."
"Boutique sales","Ventas en boutique"
"TUDOR watches sold in boutique through the programme (estimated by the staff, when possible).","Relojes TUDOR vendidos en boutique gracias al programa (según el personal de la tienda, cuando sea posible)."
"Boutique appointments","Citas en boutique"
"Boutique appointments booked through the programme.","Citas en boutique concertadas gracias al programa."
"Back to the monthly report","Volver al informe mensual"
"%1: counted from the orders","%1: calculado a partir de los pedidos"
"Online sales*: %1 TUDOR watch(es) · of which click & collect: %2.","Ventas online*: %1 reloj(es) TUDOR · de ellas click & collect: %2."
"Orders from customers who came from tudorwatch.com (last click, 30 days), not cancelled, month in %1.","Pedidos de clientes que llegaron desde tudorwatch.com (último clic, 30 días), sin los cancelados; el mes se cuenta en la zona horaria %1."
"Placed (UTC)","Fecha (UTC)"
"TUDOR model","Modelo TUDOR"
"Figures typed in","Datos introducidos a mano"
"Last changed %1 by %2.","Última modificación: %1, por %2."
"TUDOR asks for this report every month, in its own Excel template. Online sales are counted from the orders of customers who came from tudorwatch.com; the rest of the figures are typed in here.","TUDOR pide este informe cada mes, en su propia plantilla de Excel. Las ventas online se calculan a partir de los pedidos de clientes que llegaron desde tudorwatch.com; el resto de datos se introducen aquí."
"Sessions and unique visitors (mandatory) come from web analytics: until they are read from GA4 automatically, copy them from GA4 filtering by utm_source = tudorwatch.com.","Las sesiones y los visitantes únicos (obligatorios) salen de la analítica web: hasta que se lean de GA4 automáticamente, cópialos de GA4 filtrando por utm_source = tudorwatch.com."
"See programme data","Ver los datos del programa"
"Online sales*","Ventas online*"
"Of which click & collect","De ellas click & collect"
"Sessions*","Sesiones*"
"Complete","Completo"
"Missing analytics","Falta analítica"
"* Mandatory in TUDOR's template. Cancelled orders are not counted; returns are not subtracted.","* Obligatorio en la plantilla de TUDOR. Los pedidos cancelados no cuentan; las devoluciones no se restan."
"Generate the Excel for TUDOR","Generar el Excel para TUDOR"
"One row per month, %1 months at most (what TUDOR's template holds).","Una fila por mes, %1 meses como máximo (lo que admite la plantilla de TUDOR)."
"Template language","Idioma de la plantilla"
"Draft: allow months without sessions or visitors (written as 0, file marked BORRADOR)","Borrador: permitir meses sin sesiones o visitantes (se escriben como 0 y el fichero se marca como BORRADOR)"
"Generate Excel","Generar Excel"
"Generated reports","Informes generados"
"No report has been generated yet.","Todavía no se ha generado ningún informe."
"Online sales","Ventas online"
"Delete this report? It cannot be recovered.","¿Borrar este informe? No se podrá recuperar."
"What this store publishes to TUDOR and what comes back from the programme. Nothing on this page sends anything to TUDOR.","Lo que esta tienda publica en TUDOR y lo que llega desde el programa. Esta página no envía nada a TUDOR."
"Settings and Test Connection / Run Sync Now","Configuración y botones Test Connection / Run Sync Now"
"Connection with TUDOR","Conexión con TUDOR"
"Production (tudorwatch.com)","Producción (tudorwatch.com)"
"Staging (PREPROD, not shown on tudorwatch.com)","Pruebas (PREPROD, no se muestra en tudorwatch.com)"
"Credentials for this environment","Credenciales de este entorno"
"Last connection test","Última prueba de conexión"
"Last full sync","Última sincronización completa"
"Full sync schedule (cron)","Frecuencia de la sincronización completa (cron)"
"Real-time publishing (every minute)","Publicación en tiempo real (cada minuto)"
"paused by TUDOR (HTTP 429) until %1","en pausa por TUDOR (HTTP 429) hasta %1"
"Catalog that would be sent now","Catálogo que se enviaría ahora"
"The catalog could not be read: %1","No se ha podido leer el catálogo: %1"
"%1 TUDOR model(s) available to send, from %2 product(s). %3 product(s) left out.","%1 modelo(s) TUDOR disponibles para enviar, de %2 producto(s). %3 producto(s) se quedan fuera."
"Left out","Fuera"
"Salable qty","Cantidad vendible"
"Reason / URL sent","Motivo / URL enviada"
"from tudor_model_code","de tudor_model_code"
"from the SKU rule","de la regla del SKU"
"Product page","Ficha del producto"
"Waiting for real-time publishing","Pendiente de publicar en tiempo real"
"%1 TUDOR model(s) changed since they were last published.","%1 modelo(s) TUDOR han cambiado desde la última publicación."
"Queued (UTC)","En cola desde (UTC)"
"Orders from tudorwatch.com","Pedidos desde tudorwatch.com"
"No order has come from tudorwatch.com yet.","Todavía no ha llegado ningún pedido desde tudorwatch.com."
"Landed from TUDOR (UTC)","Llegada desde TUDOR (UTC)"
"Unknown month.","Mes desconocido."
"Figures must be whole numbers of 0 or more.","Los datos deben ser números enteros, 0 o más."
"Figures for %1 saved.","Datos de %1 guardados."
"That report no longer exists.","Ese informe ya no existe."
"Report deleted.","Informe borrado."
"Report generated: download it from the list below.","Informe generado: descárgalo de la lista de abajo."
"The report could not be generated: %1","No se ha podido generar el informe: %1"
"Choose a valid range of months.","Elige un rango de meses válido."
"TUDOR's template has room for %1 months at most.","La plantilla de TUDOR admite como máximo %1 meses."
"The report cannot include future months.","El informe no puede incluir meses futuros."
"Unknown template language.","Idioma de plantilla desconocido."
"Sessions and unique visitors are mandatory in TUDOR's report and are missing for: %1. Fill them in, or generate a draft.","Las sesiones y los visitantes únicos son obligatorios en el informe de TUDOR y faltan en: %1. Rellénalos o genera un borrador."
"TUDOR's %1 template was not found in tudorsync/core.","No se encuentra la plantilla %1 de TUDOR en tudorsync/core."
"Cannot create the temporary folder %1.","No se puede crear la carpeta temporal %1."
